"pathway","relFreq_zeroTPM","relFreq_min10TPM","min_tpmAbd","mean_tpmAbd","median_tpmAbd","max_tpmAbd","baseline_medianTPMAbd","baseline_prevalence","postFresh_medianTPMAbd","postFresh_prevalence","postPast_medianTPMAbd","postPast_prevalence","model","model_deviance","model_meanAbsResid","freshInt_effect","freshInt_se","freshInt_pvalue","pastInt_effect","pastInt_se","pastInt_pvalue","phaseEffect","genderEffect","ageEffect","bmiEffect","freshInt_ageLow_effect","freshInt_ageHigh_effect","freshInt_ageLow_se","freshInt_ageHigh_se","freshInt_ageLow_pvalue","freshInt_ageHigh_pvalue","freshInt_sexM_effect","freshInt_sexW_effect","freshInt_sexM_se","freshInt_sexW_se","freshInt_sexM_pvalue","freshInt_sexW_pvalue","freshInt_bmiLow_effect","freshInt_bmiHigh_effect","freshInt_bmiLow_se","freshInt_bmiHigh_se","freshInt_bmiLow_pvalue","freshInt_bmiHigh_pvalue","pastInt_ageLow_effect","pastInt_ageHigh_effect","pastInt_ageLow_se","pastInt_ageHigh_se","pastInt_ageLow_pvalue","pastInt_ageHigh_pvalue","pastInt_sexM_effect","pastInt_sexW_effect","pastInt_sexM_se","pastInt_sexW_se","pastInt_sexM_pvalue","pastInt_sexW_pvalue","pastInt_bmiLow_effect","pastInt_bmiHigh_effect","pastInt_bmiLow_se","pastInt_bmiHigh_se","pastInt_bmiLow_pvalue","pastInt_bmiHigh_pvalue","freshInt_pvalue_correct","pastInt_pvalue_correct","freshInt_ageLow_pvalue_correct","pastInt_ageLow_pvalue_correct","freshInt_ageHigh_pvalue_correct","pastInt_ageHigh_pvalue_correct","freshInt_sexM_pvalue_correct","pastInt_sexM_pvalue_correct","freshInt_sexW_pvalue_correct","pastInt_sexW_pvalue_correct","freshInt_bmiLow_pvalue_correct","pastInt_bmiLow_pvalue_correct","freshInt_bmiHigh_pvalue_correct","pastInt_bmiHigh_pvalue_correct"
"Glycolysis / Gluconeogenesis",0,1,20.7553,73.2582,73.7583,87.7923,73.6283,1,73.5716,1,74.5417,1,"Gaussian",0.4444,NA,-0.7417,0.7725,0.3378,-1.2652,0.7755,0.1039,0.7697,0.3685,0.0859,0.2256,-0.2572,-1.3262,1.0491,1.1519,0.8065,0.2506,-0.7631,-0.7227,1.1788,1.0256,0.518,0.4816,-0.9882,-0.3227,0.9772,1.2727,0.3128,0.8,-1.1449,-1.4134,1.0491,1.1619,0.2761,0.2248,-2.1692,-0.5713,1.1788,1.0327,0.0668,0.5805,-1.4499,-0.9467,0.9772,1.2863,0.139,0.4624,0.4826,0.3109,0.9478,0.5746,0.5561,0.5518,0.8146,0.5509,0.8122,0.8185,0.7078,0.5708,0.9479,0.8101
"Citrate cycle",0,1,14.5762,39.793,39.2599,58.1059,39.0772,1,39.1682,1,40.0006,1,"Gaussian",0.6089,NA,-0.3209,0.5462,0.5574,-0.909,0.5484,0.0986,-0.1195,1.7573,0.1036,-0.0509,-0.1865,-0.4815,0.7418,0.8143,0.8017,0.5548,0.0924,-0.6326,0.8345,0.7259,0.9119,0.3843,0.1977,-1.1987,0.6884,0.8966,0.7742,0.1824,-1.2381,-0.5034,0.7418,0.8214,0.0962,0.5405,-1.0617,-0.7917,0.8345,0.7309,0.2044,0.2797,-1.008,-0.7338,0.6884,0.9062,0.1443,0.4188,0.6636,0.3109,0.946,0.5518,0.8266,0.8173,0.9558,0.6437,0.7572,0.7098,0.9479,0.5708,0.5836,0.7942
"Pentose phosphate pathway",0,1,20.7702,74.1352,74.6197,93.6411,74.6206,1,74.5945,1,74.6911,1,"Gaussian",0.4453,NA,-1.0555,0.8281,0.2035,-1.1614,0.8313,0.1635,0.9867,-1.021,-0.0101,0.3631,-0.4066,-1.8396,1.1239,1.2339,0.7178,0.1371,-1.058,-1.0515,1.2651,1.1006,0.4037,0.3402,-1.6485,-0.0481,1.046,1.3623,0.1161,0.9719,-0.809,-1.5952,1.1239,1.2447,0.4722,0.201,-1.8132,-0.6612,1.2651,1.1082,0.1529,0.5512,-1.4849,-0.6048,1.046,1.3768,0.1568,0.6608,0.3951,0.3762,0.9126,0.7617,0.5518,0.5518,0.7691,0.6433,0.7231,0.8185,0.5437,0.5708,0.9891,0.9154
"Pentose and glucuronate interconversions",0,0.9971,9.792,36.306,36.8367,49.7476,36.9835,1,36.6154,1,36.9823,0.9882,"Gaussian",0.5978,NA,-0.6502,0.4602,0.1588,-0.6927,0.462,0.1349,0.0536,0.1348,-0.0309,0.2044,-0.4705,-0.8698,0.6249,0.6859,0.4521,0.2059,-0.3276,-0.8951,0.7031,0.6115,0.6416,0.1445,-0.6038,-0.7273,0.5817,0.7576,0.3002,0.3379,-0.3855,-1.0696,0.6249,0.6919,0.5378,0.1233,-0.386,-0.9279,0.7031,0.6158,0.5835,0.133,-0.9213,-0.2958,0.5817,0.7657,0.1144,0.6996,0.3762,0.3662,0.7382,0.8173,0.5518,0.5518,0.8406,0.8185,0.642,0.6155,0.7078,0.5437,0.7114,0.9257
"Fructose and mannose metabolism",0,1,12.659,46.2171,46.3584,59.528,46.1755,1,46.4073,1,46.8593,1,"Gaussian",0.5293,NA,-0.3588,0.5538,0.5176,0.0426,0.556,0.9389,0.375,-1.2374,-0.0332,0.1292,-0.0227,-0.768,0.7515,0.825,0.9759,0.3527,0.0105,-0.637,0.8458,0.7358,0.9901,0.3874,-0.3051,-0.4503,0.7007,0.9126,0.6636,0.6221,0.4846,-0.4998,0.7515,0.8322,0.5196,0.5487,-0.199,0.2282,0.8458,0.7408,0.8142,0.7583,0.1733,-0.1841,0.7007,0.9224,0.8048,0.8419,0.6199,0.9659,0.991,0.8087,0.6266,0.8251,0.9958,0.9064,0.7596,0.8895,0.9154,0.9479,0.9036,0.9678
"Galactose metabolism",0,1,16.824,68.7197,69.11,87.9005,69.1266,1,69.776,1,68.975,1,"Gaussian",0.5948,NA,-0.6253,0.8472,0.4611,-1.7593,0.8505,0.0395,0.7278,-2.3679,-0.0769,0.322,0.2009,-1.6148,1.1482,1.2604,0.8612,0.2012,-0.2207,-0.9302,1.2951,1.1265,0.8648,0.4097,-0.9235,-0.1192,1.0717,1.3957,0.3896,0.932,-1.9565,-1.5217,1.1482,1.2714,0.0895,0.2324,-1.914,-1.6407,1.2951,1.1343,0.1406,0.1492,-1.8145,-1.666,1.0717,1.4106,0.0916,0.2386,0.586,0.2302,0.9665,0.5518,0.5518,0.5561,0.9349,0.632,0.7691,0.6433,0.7677,0.5388,0.9838,0.6636
"Ascorbate and aldarate metabolism",0,0.9708,2.9878,15.7016,15.3384,32.8484,15.0811,0.9766,15.3599,0.9767,15.8214,0.9529,"Gaussian",0.7331,NA,-0.2297,0.3124,0.4629,0.2813,0.3137,0.3706,0.2142,-0.5988,-0.0369,0.2599,0.0472,-0.5699,0.4207,0.4618,0.9108,0.2183,-0.0658,-0.3536,0.4777,0.4154,0.8906,0.3955,-0.0608,-0.5158,0.395,0.5144,0.8778,0.317,0.904,-0.4822,0.4207,0.4658,0.0326,0.3016,0.3188,0.2525,0.4777,0.4183,0.5051,0.5466,0.2764,0.2909,0.395,0.5199,0.4847,0.5763,0.586,0.5077,0.9741,0.5518,0.5518,0.5884,0.9487,0.8146,0.7679,0.8182,0.9754,0.8146,0.7078,0.8765
"Fatty acid biosynthesis",0,1,16.8819,70.5371,71.8185,98.2401,71.9261,1,71.8356,1,71.183,1,"Gaussian",0.6058,NA,-0.9502,0.8866,0.2848,-1.3048,0.8901,0.1439,0.8836,-1.0893,-0.0641,0.1524,-0.2586,-1.7829,1.2036,1.3212,0.8301,0.1783,-2.0321,-0.1289,1.3515,1.1755,0.1339,0.9128,-1.5639,0.0927,1.1199,1.4585,0.1638,0.9493,-1.0429,-1.6294,1.2036,1.3328,0.387,0.2226,-2.3949,-0.4688,1.3515,1.1837,0.0775,0.6924,-1.753,-0.5315,1.1199,1.4741,0.1187,0.7187,0.4486,0.3738,0.9536,0.6701,0.5518,0.5518,0.6155,0.5509,0.9558,0.8591,0.5708,0.5437,0.9838,0.9269
"Fatty acid degradation",0.2427,0.5673,0,8.4772,10.3837,20.9078,10.5757,0.614,10.0742,0.5,10.3333,0.5412,"ZI log-Gaussian",NA,1.0603,-0.023,0.0457,0.6149,-0.004,0.0477,0.9325,0.0361,0.0433,0.0023,0.0052,0.0016,-0.0531,0.063,0.067,0.9792,0.429,-0.02,-0.0255,0.0685,0.0617,0.7706,0.6797,-0.0281,-0.0151,0.058,0.0751,0.628,0.8407,0.0151,-0.0199,0.0655,0.0699,0.8174,0.776,-0.0037,-0.0043,0.0725,0.0637,0.9593,0.9467,0.004,-0.0202,0.06,0.0794,0.9472,0.7993,0.7068,0.9659,0.991,0.9478,0.7151,0.9349,0.8925,0.9802,0.855,0.9785,0.9036,0.9838,0.9678,0.9479
"Synthesis and degradation of ketone bodies",0.0205,0.9737,0,22.2559,22.3508,47.9673,22.1168,0.9883,22.2856,0.9767,22.9377,0.9412,"Gaussian",0.6543,NA,-0.7124,0.5395,0.1878,-1.047,0.5416,0.0543,0.978,1.0135,0.124,0.3279,-0.3963,-1.091,0.7327,0.8043,0.589,0.1761,-1.0306,-0.4712,0.8247,0.7173,0.2125,0.5118,-0.761,-0.6252,0.6788,0.884,0.2632,0.4801,-1.153,-0.9182,0.7327,0.8113,0.1167,0.2588,-1.2578,-0.8854,0.8247,0.7223,0.1284,0.2214,-1.7132,0.1084,0.6788,0.8935,0.0122,0.9036,0.3848,0.2414,0.8346,0.5518,0.5518,0.5572,0.6539,0.6115,0.8146,0.6559,0.6882,0.277,0.8125,0.9766
"Secondary bile acid biosynthesis",0.0029,0.4152,0,9.6243,9.5008,17.3329,9.6634,0.4327,9.4037,0.3837,9.168,0.4118,"Gaussian",0.634,NA,-0.2118,0.2476,0.3929,-0.1327,0.2485,0.5938,0.1032,-0.3796,-0.0085,0.1406,-0.0076,-0.4626,0.3324,0.3649,0.9818,0.206,0.19,-0.5153,0.3768,0.3278,0.6145,0.1171,-0.5725,0.4007,0.3108,0.4048,0.0666,0.3232,0.431,-0.8252,0.3324,0.3681,0.1959,0.0258,-0.1454,-0.1229,0.3768,0.33,0.6999,0.7099,-0.3617,0.2621,0.3108,0.4091,0.2456,0.5224,0.5196,0.6891,0.991,0.5518,0.5518,0.5518,0.8226,0.864,0.5866,0.8648,0.4672,0.6639,0.7078,0.8459
"Oxidative phosphorylation",0,0.9971,8.6396,32.5965,32.7914,40.82,32.8042,1,32.6625,1,32.8559,0.9882,"Gaussian",0.5331,NA,-0.2573,0.3617,0.4774,-0.5239,0.3632,0.1503,0.4583,-0.9121,-0.0091,0.1349,0.0096,-0.5789,0.4911,0.5391,0.9844,0.2839,-0.1862,-0.3102,0.5528,0.4808,0.7365,0.5194,-0.3619,-0.0786,0.4574,0.5957,0.4295,0.8952,-0.4603,-0.6026,0.4911,0.5439,0.3495,0.2688,-0.7608,-0.3421,0.5528,0.4842,0.1698,0.4804,-0.6946,-0.2288,0.4574,0.6021,0.1301,0.7043,0.5968,0.3762,0.991,0.6266,0.5793,0.5719,0.8767,0.6437,0.8146,0.8122,0.7991,0.5594,0.9766,0.9257
"Photosynthesis",0.1608,0.8392,0,49.4149,57.7626,76.508,56.8949,0.8421,56.8824,0.8488,59.8878,0.8235,"ZI log-Gaussian",NA,0.7628,-0.0134,0.0551,0.8079,0.0267,0.0558,0.6327,0.0302,-0.0532,-0.0003,0.0043,-0.0312,0.0021,0.0771,0.0798,0.6863,0.9788,-0.0111,-0.0151,0.0847,0.0729,0.8961,0.8355,-0.0251,0.0154,0.0684,0.0928,0.7145,0.8686,0.0306,0.0194,0.0768,0.0821,0.6908,0.814,0.0286,0.0252,0.0847,0.0745,0.736,0.7352,0.0296,0.0264,0.0693,0.0939,0.6698,0.7785,0.8687,0.719,0.906,0.9078,0.991,0.9478,0.9487,0.8767,0.9156,0.8767,0.9269,0.9207,0.9678,0.9479
"Arginine biosynthesis",0,1,18.7147,72.1755,72.9438,91.4933,72.9226,1,73.7012,1,72.0609,1,"Gaussian",0.5175,NA,-0.8943,0.8421,0.2892,-2.0808,0.8454,0.0145,1.1431,-1.0499,-0.0034,0.3338,0.02,-1.9911,1.1407,1.2523,0.986,0.113,-0.7365,-1.0108,1.2861,1.1187,0.5673,0.367,-1.8163,0.6742,1.0602,1.3808,0.0878,0.6257,-2.2142,-1.921,1.1407,1.2633,0.0533,0.1295,-2.7878,-1.5384,1.2861,1.1265,0.031,0.1732,-2.8245,-0.7983,1.0602,1.3956,0.0082,0.5678,0.4493,0.189,0.991,0.5518,0.5518,0.5518,0.8185,0.4282,0.741,0.6437,0.5243,0.276,0.9036,0.8718
"Purine metabolism",0,1,16.9502,57.9499,58.734,70.4506,58.7813,1,58.6565,1,58.7085,1,"Gaussian",0.419,NA,-0.8044,0.6194,0.1951,-1.5714,0.6218,0.012,0.8804,-0.0639,0.0635,0.2827,-0.1622,-1.5772,0.8398,0.9221,0.847,0.0883,-0.7194,-0.8668,0.9455,0.8226,0.4473,0.2929,-1.4278,0.2547,0.7811,1.0173,0.0686,0.8025,-1.5144,-1.6431,0.8398,0.9301,0.0724,0.0784,-2.1978,-1.0904,0.9455,0.8283,0.0208,0.1891,-1.9358,-0.944,0.7811,1.0281,0.0138,0.3593,0.3889,0.1853,0.9625,0.5518,0.5518,0.5518,0.8027,0.4242,0.7189,0.6437,0.4672,0.2791,0.9479,0.7333
"Pyrimidine metabolism",0,1,27.3918,84.2097,84.0162,114.297,83.9901,1,84.4422,1,83.6211,1,"Gaussian",0.4903,NA,-0.1012,0.9487,0.9151,-1.6839,0.9524,0.0781,1.1378,2.801,0.196,0.1023,0.7378,-1.1028,1.2846,1.4104,0.5662,0.435,-0.2191,-0.0081,1.4465,1.2585,0.8797,0.9949,0.3095,-0.7974,1.1998,1.5626,0.7967,0.6102,-2.2757,-0.9618,1.2846,1.4228,0.0776,0.4996,-3.001,-0.6728,1.4465,1.2672,0.0389,0.5959,-1.5707,-1.8777,1.1998,1.5793,0.1916,0.2355,0.9582,0.3065,0.8266,0.5518,0.7189,0.7963,0.9453,0.4866,0.9958,0.8185,0.9479,0.5894,0.8909,0.6636
"Alanine, aspartate and glutamate metabolism",0,1,25.4146,97.1025,98.3465,117.1699,98.3633,1,98.6708,1,97.9623,1,"Gaussian",0.4747,NA,-1.1822,1.0519,0.2621,-2.9489,1.056,0.0056,0.9815,0.4743,0.0202,0.3831,-0.0173,-2.5759,1.4234,1.5628,0.9903,0.1004,-0.7456,-1.5101,1.6072,1.3981,0.6431,0.2811,-1.9533,0.1297,1.3277,1.7291,0.1424,0.9402,-3.4354,-2.3574,1.4234,1.5764,0.0165,0.1359,-3.529,-2.5034,1.6072,1.4078,0.0289,0.0765,-3.7142,-1.6268,1.3277,1.7476,0.0055,0.3527,0.4274,0.1488,0.9916,0.5518,0.5518,0.5518,0.8406,0.4242,0.7098,0.5509,0.5708,0.276,0.9838,0.7333
"Glycine, serine and threonine metabolism",0,1,16.7615,55.1253,55.3048,68.8886,55.0144,1,55.2158,1,55.7622,1,"Gaussian",0.5061,NA,-0.66,0.5959,0.269,-1.5127,0.5982,0.012,0.5685,0.6684,0.0592,0.2521,-0.2068,-1.2024,0.8082,0.8873,0.7982,0.1765,-0.3915,-0.8612,0.9096,0.7913,0.6672,0.2774,-0.9366,-0.1882,0.7523,0.9798,0.2142,0.8478,-1.7346,-1.2422,0.8082,0.895,0.0327,0.1663,-2.027,-1.1179,0.9096,0.7968,0.0267,0.1617,-1.993,-0.6814,0.7523,0.9903,0.0085,0.492,0.4274,0.1853,0.9447,0.5518,0.5518,0.5518,0.855,0.4242,0.7098,0.6437,0.6492,0.276,0.9678,0.8178
"Monobactam biosynthesis",0.5409,0.4591,0,23.885,0,65.5093,0,0.4971,0,0.4767,0,0.3647,"ZI log-Gaussian",NA,1.0417,-0.0066,0.1191,0.9558,-0.128,0.1295,0.324,0.1057,-0.089,0.0057,-0.0154,0.0547,-0.0596,0.1729,0.1654,0.7521,0.719,0.0629,-0.076,0.1698,0.1682,0.7113,0.6519,-0.082,0.1443,0.1504,0.1996,0.5859,0.4703,-0.0688,-0.1741,0.1895,0.1809,0.7169,0.3368,-0.1215,-0.1321,0.1938,0.1747,0.5313,0.4504,-0.1651,-0.0388,0.1593,0.2253,0.301,0.8632,0.9753,0.4826,0.9257,0.9126,0.9126,0.6158,0.8648,0.8152,0.8432,0.8027,0.8784,0.7078,0.8101,0.9678
"Cysteine and methionine metabolism",0,1,18.916,68.8892,69.4654,82.7734,69.3097,1,69.7908,1,69.9577,1,"Gaussian",0.4424,NA,-0.695,0.7429,0.3503,-1.2204,0.7458,0.1029,1.1778,0.3158,0.0369,0.3145,0.0313,-1.5666,1.007,1.1056,0.9752,0.1576,-0.8378,-0.5847,1.1347,0.9872,0.4609,0.5541,-1.1394,0.0619,0.9382,1.2219,0.2256,0.9596,-1.3232,-1.0969,1.007,1.1152,0.1899,0.3262,-1.89,-0.7067,1.1347,0.994,0.0969,0.4777,-1.7071,-0.3797,0.9382,1.235,0.0699,0.7587,0.49,0.3109,0.991,0.5518,0.5518,0.6097,0.8071,0.5753,0.8185,0.8122,0.6606,0.4672,0.9867,0.9479
"Valine, leucine and isoleucine degradation",0,0.9795,4.6436,14.1302,14.0133,21.7847,14.02,0.9883,13.9207,0.9767,13.9738,0.9647,"Gaussian",0.5805,NA,-0.253,0.2089,0.2269,-0.423,0.2098,0.0447,0.0419,0.4103,0.0309,0.0673,-0.2557,-0.2515,0.284,0.3118,0.3688,0.4206,-0.2105,-0.2855,0.3195,0.2779,0.5106,0.3053,-0.0981,-0.5148,0.2634,0.343,0.7099,0.1346,-0.3859,-0.4673,0.284,0.3145,0.1754,0.1386,-0.3605,-0.4709,0.3195,0.2799,0.2602,0.0936,-0.5228,-0.249,0.2634,0.3466,0.0481,0.4732,0.4089,0.2313,0.6498,0.5518,0.7069,0.5518,0.8146,0.7098,0.7226,0.5753,0.9257,0.4341,0.5708,0.8101
"Valine, leucine and isoleucine biosynthesis",0,1,47.5706,170.8256,174.1636,222.217,174.0869,1,174.6775,1,173.2523,1,"Gaussian",0.5909,NA,-1.5972,2.0772,0.4426,-3.2582,2.0854,0.1194,2.8718,-3.244,-0.1684,0.3713,0.4091,-4.0015,2.8158,3.091,0.8846,0.1966,-1.7428,-1.4838,3.1762,2.7627,0.5837,0.5917,-3.8399,2.2114,2.6179,3.4094,0.1436,0.5171,-3.5634,-2.8948,2.8158,3.118,0.2068,0.354,-4.116,-2.6006,3.1762,2.7818,0.1961,0.3507,-4.3153,-1.4417,2.6179,3.4458,0.1004,0.676,0.5675,0.341,0.9665,0.5518,0.5518,0.6266,0.8185,0.6437,0.8185,0.7231,0.5708,0.5437,0.8409,0.9229
"Lysine biosynthesis",0,1,21.6211,80.5174,81.3973,95.5118,81.2339,1,81.8678,1,81.3477,1,"Gaussian",0.4384,NA,-1.187,0.881,0.1789,-1.9446,0.8845,0.0287,1.0512,-0.2187,0.0173,0.2346,-0.3322,-2.2134,1.1944,1.3114,0.7811,0.0926,-1.0931,-1.2545,1.3435,1.1689,0.4166,0.2841,-1.5438,-0.5798,1.114,1.4509,0.1669,0.6898,-2.0013,-1.8784,1.1944,1.3228,0.095,0.1567,-3.0433,-1.1013,1.3435,1.177,0.0243,0.3502,-2.2898,-1.3486,1.114,1.4664,0.0408,0.3585,0.3848,0.2302,0.9354,0.5518,0.5518,0.5518,0.7691,0.4242,0.7102,0.7231,0.5708,0.4111,0.9257,0.7333
"Penicillin and cephalosporin biosynthesis",0,0.9912,5.3083,23.9162,23.7027,47.3427,23.9643,1,23.1349,0.9884,23.3563,0.9765,"Gaussian",0.7504,NA,-0.3007,0.4315,0.4864,-0.8373,0.4332,0.0543,-0.0928,-1.996,-0.0266,0.0978,-0.2514,-0.3576,0.5862,0.6434,0.6684,0.5788,-0.3779,-0.2423,0.66,0.5739,0.5674,0.6732,-0.6123,0.229,0.5446,0.7093,0.262,0.7471,-1.016,-0.6189,0.5862,0.6491,0.0843,0.3412,-0.8827,-0.8024,0.66,0.5779,0.1822,0.1662,-1.1396,-0.3148,0.5446,0.7169,0.0374,0.6609,0.5975,0.2414,0.8972,0.5518,0.8282,0.6176,0.8185,0.6437,0.855,0.6437,0.6882,0.4041,0.9479,0.9154
"Arginine and proline metabolism",0,0.9942,6.0817,23.8101,24.1136,30.0937,24.2426,1,24.0816,1,24.0528,0.9765,"Gaussian",0.5361,NA,-0.3481,0.2608,0.1831,-0.6944,0.2619,0.0085,0.412,-0.1619,-0.0044,0.148,-0.146,-0.5903,0.3538,0.3884,0.6802,0.1297,-0.2029,-0.4578,0.3987,0.3468,0.6113,0.188,-0.3913,-0.273,0.3291,0.4286,0.2355,0.5247,-0.7536,-0.6227,0.3538,0.3918,0.0341,0.1132,-0.7004,-0.6898,0.3987,0.3492,0.0801,0.0492,-0.9449,-0.2605,0.3291,0.4331,0.0044,0.548,0.3848,0.1694,0.9039,0.5518,0.5518,0.5518,0.8226,0.5509,0.6437,0.5458,0.6636,0.276,0.8462,0.8717
"Histidine metabolism",0,1,16.7665,58.529,59.002,74.0599,59.6314,1,58.9745,1,58.4122,1,"Gaussian",0.565,NA,-0.6334,0.6761,0.3497,-1.9284,0.6787,0.0048,0.8403,-0.0081,-0.0423,0.3001,-0.1802,-1.1716,0.916,1.0056,0.8442,0.245,-0.6897,-0.5889,1.0332,0.8987,0.505,0.5128,-1.2058,0.34,0.8531,1.111,0.1587,0.7598,-2.414,-1.3358,0.916,1.0144,0.0089,0.189,-2.425,-1.5475,1.0332,0.9049,0.0196,0.0884,-2.3684,-1.1696,0.8531,1.1229,0.0059,0.2985,0.49,0.1488,0.962,0.5518,0.5561,0.5518,0.8146,0.4242,0.8146,0.5613,0.5708,0.276,0.9479,0.7078
"Tyrosine metabolism",0,0.4327,2.9055,9.8683,9.841,19.2375,9.7878,0.4152,9.9074,0.4767,9.8776,0.4118,"Gaussian",0.5788,NA,-0.094,0.144,0.5144,-0.2118,0.1445,0.1439,0.2866,0.0882,-0.0033,0.1217,0.108,-0.3374,0.1948,0.2138,0.5798,0.1158,-0.0469,-0.1292,0.22,0.1913,0.8312,0.5,-0.2416,0.1566,0.1815,0.2364,0.1844,0.5083,-0.1432,-0.2968,0.1948,0.2157,0.463,0.17,-0.2974,-0.1462,0.22,0.1927,0.1775,0.4487,-0.2927,-0.0726,0.1815,0.2389,0.108,0.7615,0.6199,0.3738,0.8282,0.7498,0.5518,0.5518,0.9134,0.6437,0.8146,0.8027,0.5854,0.5437,0.8333,0.9479
"Phenylalanine metabolism",0,0.9825,4.1835,15.236,15.253,26.3963,15.2989,0.9942,15.1868,0.9884,15.2066,0.9529,"Gaussian",0.6224,NA,-0.1847,0.1864,0.3225,-0.386,0.1871,0.0401,0.3307,0.4059,0.0137,0.1361,-0.0561,-0.3398,0.2531,0.2778,0.8248,0.2224,-0.1563,-0.2065,0.285,0.2479,0.5839,0.4056,-0.367,0.1259,0.2337,0.3044,0.1176,0.6794,-0.3635,-0.4139,0.2531,0.2802,0.152,0.1409,-0.3154,-0.4401,0.285,0.2496,0.2694,0.079,-0.676,0.1159,0.2337,0.3077,0.0041,0.7067,0.4826,0.2302,0.9508,0.5518,0.5518,0.5518,0.8185,0.7098,0.7691,0.5509,0.5437,0.276,0.9244,0.9257
"Benzoate degradation",0,0.9825,5.0742,15.9266,15.9998,25.0724,15.957,0.9942,16.136,0.9767,16.0457,0.9647,"Gaussian",0.5848,NA,-0.2726,0.1908,0.1541,-0.2524,0.1915,0.1885,0.254,0.6849,0.0282,0.0515,-0.2527,-0.2968,0.2593,0.2847,0.3307,0.298,-0.5677,-0.0492,0.2907,0.2528,0.0519,0.8458,-0.2526,-0.3059,0.2409,0.3138,0.2955,0.3306,-0.2801,-0.218,0.2593,0.2871,0.2809,0.4484,-0.4022,-0.1376,0.2907,0.2546,0.1675,0.5893,-0.3767,-0.0366,0.2409,0.3172,0.1191,0.9082,0.3762,0.3848,0.6123,0.5763,0.5871,0.7351,0.5458,0.6437,0.9232,0.8185,0.7078,0.5437,0.7109,0.9766
"Phenylalanine, tyrosine and tryptophan biosynthesis",0,1,21.5152,78.748,79.1754,98.1693,78.9093,1,79.527,1,80.3903,1,"Gaussian",0.5194,NA,-0.6395,0.9187,0.487,-1.5261,0.9223,0.0992,1.2921,-1.2611,-0.0476,0.2934,0.153,-1.5882,1.2456,1.3674,0.9023,0.2465,-0.7885,-0.5236,1.403,1.2204,0.5746,0.6682,-1.653,1.0813,1.1578,1.5078,0.1545,0.4739,-1.8024,-1.1908,1.2456,1.3794,0.149,0.3887,-2.4364,-0.8277,1.403,1.2289,0.0836,0.5012,-1.9884,-0.7314,1.1578,1.5239,0.087,0.6316,0.5975,0.3109,0.9699,0.5518,0.5561,0.6703,0.8185,0.5509,0.855,0.8146,0.5708,0.5243,0.8101,0.905
"beta-Alanine metabolism",0.8626,0.1287,0,1.9674,0,18.6146,0,0.1228,0,0.1163,0,0.1529,"ZI log-Gaussian",NA,0.9184,0.0008,0.0424,0.9845,0.0321,0.0413,0.4371,-0.0272,-0.4834,0.0062,-0.0124,0.0084,-0.0089,0.0546,0.0623,0.8779,0.8867,-0.011,0.0105,0.0623,0.0544,0.8602,0.8471,-0.002,0.0064,0.0514,0.0681,0.9686,0.9256,0.002,0.0657,0.0535,0.0606,0.9699,0.2787,-0.0196,0.0682,0.0606,0.0532,0.7473,0.2013,0.0682,-0.0358,0.0503,0.0661,0.1764,0.589,0.9903,0.5641,0.9665,0.991,0.9665,0.5747,0.9324,0.8844,0.9232,0.6437,0.9884,0.5821,0.9838,0.8784
"Taurine and hypotaurine metabolism",0.1374,0.8626,0,27.2963,31.3415,39.9722,31.334,0.8772,31.4023,0.8837,31.3099,0.8118,"ZI log-Gaussian",NA,0.9689,-0.015,0.0375,0.6883,-0.0217,0.0388,0.5766,0.018,0.3962,0.0042,0.0126,-0.0119,-0.0191,0.0506,0.0563,0.8143,0.7349,0.0042,-0.0287,0.0583,0.0491,0.9423,0.5597,-0.0319,0.0157,0.0468,0.0631,0.4959,0.8033,-0.0156,-0.0298,0.0513,0.0597,0.7609,0.6176,-0.0146,-0.0266,0.0596,0.0513,0.8061,0.6043,-0.0347,0.0015,0.0489,0.0642,0.4779,0.9814,0.7733,0.6823,0.9478,0.93,0.9186,0.8548,0.9764,0.9007,0.8185,0.8185,0.8196,0.8125,0.9479,0.9891
"Selenocompound metabolism",0,1,18.477,76.349,76.7888,97.9668,76.435,1,76.687,1,77.5289,1,"Gaussian",0.564,NA,-0.7841,0.9202,0.3949,-1.9538,0.9238,0.0353,1.3919,-1.7359,-0.0329,0.5739,0.2058,-1.9708,1.2464,1.3683,0.869,0.1509,-0.5879,-0.9299,1.4059,1.2229,0.6762,0.4477,-1.6625,0.7061,1.1609,1.5119,0.1533,0.6408,-2.1541,-1.7122,1.2464,1.3802,0.0851,0.2158,-2.5907,-1.4651,1.4059,1.2314,0.0665,0.2352,-2.1707,-1.5839,1.1609,1.528,0.0626,0.3009,0.5196,0.2302,0.9665,0.5518,0.5518,0.5518,0.855,0.5509,0.8027,0.6625,0.5708,0.4672,0.9088,0.7078
"D-Glutamine and D-glutamate metabolism",0,1,28.9603,108.3802,109.4732,138.1912,109.4762,1,109.7489,1,108.7382,1,"Gaussian",0.4454,NA,-2.3074,1.2394,0.0637,-3.888,1.2442,0.002,1.2351,1.6867,0.0789,0.4514,-0.9501,-3.9319,1.6773,1.8415,0.5716,0.0336,-1.994,-2.5395,1.8901,1.6444,0.2924,0.1236,-2.5235,-1.9369,1.5673,2.0412,0.1085,0.3435,-4.4402,-3.2167,1.6773,1.8576,0.0086,0.0844,-5.3801,-2.7425,1.8901,1.6558,0.0047,0.0988,-4.4847,-2.8545,1.5673,2.063,0.0045,0.1676,0.2707,0.1488,0.8266,0.5518,0.5518,0.5518,0.7189,0.413,0.5958,0.5753,0.5437,0.276,0.7193,0.5708
"D-Arginine and D-ornithine metabolism",0.0468,0.114,0,6.135,5.4626,23.3335,5.324,0.1228,5.8267,0.1163,5.6568,0.0941,"Gaussian",0.6954,NA,0.0942,0.2717,0.729,-0.0199,0.2727,0.9418,0.1259,1.268,0.0716,-0.0102,0.034,0.1644,0.369,0.405,0.9267,0.6852,-0.0479,0.2035,0.4134,0.3595,0.9079,0.5719,-0.0466,0.3334,0.3435,0.4473,0.8921,0.4568,0.1125,-0.1812,0.369,0.4085,0.7608,0.6578,-0.5262,0.3683,0.4134,0.362,0.2042,0.3099,-0.0934,0.1065,0.3435,0.4521,0.7858,0.8139,0.8056,0.9659,0.9795,0.93,0.906,0.8889,0.9557,0.6437,0.8185,0.723,0.9766,0.9479,0.8101,0.9548
"D-Alanine metabolism",0,1,41.2305,143.4896,143.1313,201.3283,143.4794,1,144.3739,1,141.4256,1,"Gaussian",0.4713,NA,-1.9924,2.0526,0.3325,-3.7845,2.0607,0.0673,3.2405,4.9747,0.3579,0.0039,0.2491,-4.6938,2.7828,3.0553,0.9287,0.1256,-3.1233,-1.1251,3.1219,2.7161,0.318,0.679,-3.657,0.8311,2.5923,3.3762,0.1594,0.8057,-3.0293,-4.7184,2.7828,3.0819,0.2773,0.1269,-7.7678,-0.7277,3.1219,2.7349,0.0134,0.7904,-4.3313,-2.847,2.5923,3.4123,0.0959,0.4048,0.4826,0.2748,0.9795,0.5746,0.5518,0.5518,0.723,0.413,0.855,0.8956,0.5708,0.5437,0.9479,0.7899
"Glutathione metabolism",0,0.9912,4.5657,20.5287,20.4462,37.5836,20.6079,1,20.3269,1,20.2051,0.9647,"Gaussian",0.6165,NA,-0.4031,0.3,0.1801,-0.654,0.3012,0.0308,0.2305,0.2293,-0.013,0.2943,0.019,-0.9096,0.4055,0.4452,0.9628,0.042,-0.1825,-0.5697,0.4584,0.3987,0.6908,0.1542,-0.6065,-0.0566,0.3784,0.4927,0.1101,0.9086,-0.6749,-0.6304,0.4055,0.4491,0.0972,0.1616,-0.6575,-0.6513,0.4584,0.4015,0.1526,0.1059,-0.9289,-0.1784,0.3784,0.498,0.0147,0.7204,0.3848,0.2302,0.991,0.5518,0.5518,0.5518,0.8591,0.6433,0.6433,0.5866,0.5437,0.2803,0.9766,0.9269
"Starch and sucrose metabolism",0,1,19.878,74.0736,75.1294,93.3414,75.6513,1,75.2178,1,74.4829,1,"Gaussian",0.5968,NA,-1.2613,0.9448,0.183,-2.609,0.9485,0.0063,1.6792,-2.5587,-0.0725,0.5451,-0.2339,-2.4893,1.2785,1.4035,0.855,0.0773,-0.9123,-1.5224,1.4429,1.255,0.5277,0.2262,-2.6698,1.1286,1.1865,1.5452,0.0252,0.4658,-3.0072,-2.1272,1.2785,1.4158,0.0194,0.1342,-3.2917,-2.0853,1.4429,1.2637,0.0233,0.1001,-3.0635,-1.8309,1.1865,1.5617,0.0103,0.2421,0.3848,0.1488,0.9665,0.5518,0.5518,0.5518,0.8152,0.4242,0.6583,0.5753,0.3371,0.276,0.8101,0.6636
"Other glycan degradation",0,1,25.8038,87.6723,83.8389,244.8248,83.7815,1,84.2318,1,83.7429,1,"Gaussian",0.625,NA,1.1109,2.093,0.596,-4.5819,2.1012,0.0301,-2.3141,0.572,-0.0124,-0.8125,-1.0497,3.739,2.8305,3.1071,0.711,0.2299,3.8168,-0.9402,3.192,2.7762,0.2329,0.7351,3.7684,-3.3856,2.6278,3.4223,0.1527,0.3234,-7.3721,-1.1557,2.8305,3.1342,0.0097,0.7126,-2.5883,-6.1105,3.192,2.7954,0.4182,0.0297,-5.4239,-3.1028,2.6278,3.4588,0.04,0.3705,0.6891,0.2302,0.9126,0.5518,0.5561,0.9126,0.6625,0.7691,0.8767,0.4242,0.5708,0.4111,0.7078,0.7447
"Amino sugar and nucleotide sugar metabolism",0,1,17.8487,62.8366,63.4928,76.5749,63.4891,1,63.773,1,63.2515,1,"Gaussian",0.509,NA,-0.7366,0.6611,0.2661,-1.8134,0.6637,0.0067,0.3872,-0.3309,0.0208,0.0993,-0.5575,-0.9481,0.8977,0.9855,0.5351,0.3369,-0.2799,-1.0814,1.0101,0.8787,0.7819,0.2195,-0.8777,-0.4953,0.8359,1.0886,0.2946,0.6495,-2.1411,-1.4127,0.8977,0.9941,0.0178,0.1565,-1.9162,-1.7343,1.0101,0.8848,0.0589,0.051,-2.1664,-1.2021,0.8359,1.1002,0.0101,0.2755,0.4274,0.1488,0.8173,0.5518,0.6158,0.5518,0.8936,0.5471,0.6552,0.5458,0.7078,0.276,0.912,0.7021
"Streptomycin biosynthesis",0,1,27.1316,103.9376,104.6883,143.2326,104.7069,1,103.8224,1,105.6837,1,"Gaussian",0.5996,NA,-2.1542,1.2882,0.0956,-2.5602,1.2933,0.0488,0.0987,-3.9701,-0.0969,-0.1856,-2.3459,-1.9206,1.7507,1.9219,0.1814,0.3185,-1.1875,-2.8831,1.9674,1.7112,0.5466,0.0932,-2.1519,-2.1508,1.6264,2.1181,0.1869,0.3108,-2.9853,-2.0373,1.7507,1.9387,0.0893,0.2943,-2.9299,-2.2763,1.9674,1.7231,0.1376,0.1876,-3.5766,-0.7972,1.6264,2.1407,0.0287,0.7099,0.3109,0.2378,0.5518,0.5518,0.6079,0.5856,0.8182,0.6255,0.5753,0.6437,0.5857,0.3371,0.7078,0.9257
"Polyketide sugar unit biosynthesis",0,0.9942,5.5096,21.7728,21.8497,33.1023,21.9177,1,21.4825,1,21.9275,0.9765,"Gaussian",0.6342,NA,-0.4269,0.307,0.1655,-0.5957,0.3082,0.0543,-0.0794,-1.2398,-0.0235,-0.0555,-0.6412,-0.1694,0.4169,0.4577,0.1253,0.7116,-0.1177,-0.6601,0.4685,0.4075,0.8019,0.1064,-0.4731,-0.3462,0.387,0.504,0.2225,0.4927,-0.6455,-0.5333,0.4169,0.4617,0.1227,0.249,-0.6647,-0.5427,0.4685,0.4103,0.1572,0.1871,-0.9187,-0.0358,0.387,0.5093,0.0183,0.9441,0.3762,0.2414,0.5518,0.5518,0.9126,0.5561,0.8985,0.6437,0.5866,0.6437,0.6606,0.3042,0.8178,0.9838
"Acarbose and validamycin biosynthesis",0.2865,0.7135,0,15.7276,20.6061,35.5916,20.5078,0.7251,20.387,0.6744,20.9661,0.7294,"ZI log-Gaussian",NA,0.7989,-0.0366,0.0563,0.5164,0.0123,0.0553,0.8246,-0.0071,0.3744,0.0114,-0.0077,-0.0257,-0.0476,0.0787,0.0813,0.7445,0.5588,-0.0385,-0.0356,0.0909,0.0719,0.6726,0.6211,-0.0365,-0.0371,0.0712,0.0929,0.6084,0.6905,0.0237,0.0017,0.0794,0.0779,0.7658,0.9829,0.026,0.0033,0.0879,0.0716,0.7679,0.9637,0.0128,0.0106,0.069,0.0939,0.8531,0.9101,0.6199,0.8819,0.922,0.93,0.8266,0.991,0.855,0.8925,0.8226,0.9808,0.8909,0.9678,0.9257,0.9766
"Glycosaminoglycan degradation",0.0088,0.9912,0,39.6381,36.2164,194.907,36.0224,0.9942,37.121,1,35.8965,0.9765,"Gaussian",0.65,NA,1.4186,1.5935,0.3741,-2.131,1.5998,0.184,-1.5915,1.1624,0.1838,-0.9747,0.2678,2.8134,2.1623,2.3736,0.9015,0.237,3.1508,0.1045,2.4315,2.1147,0.1962,0.9606,3.3268,-1.8137,2.0049,2.6111,0.0982,0.4879,-3.2485,-0.7569,2.1623,2.3944,0.1342,0.7522,-0.547,-3.3457,2.4315,2.1294,0.8222,0.1173,-2.279,-1.8605,2.0049,2.639,0.2567,0.4814,0.5088,0.3848,0.9699,0.5518,0.5561,0.9257,0.6437,0.9074,0.9802,0.5866,0.5437,0.683,0.8166,0.8125
"Lipopolysaccharide biosynthesis",0,0.7105,2.9962,14.8891,13.2467,56.1475,13.3342,0.7076,12.8413,0.7209,13.4221,0.7059,"log-Gaussian",0.6258,NA,-0.0173,0.0427,0.6853,-0.0416,0.0429,0.3333,-0.0068,0.0233,0.0018,-0.0088,-0.0618,0.0363,0.0579,0.0635,0.2867,0.5677,0.0178,-0.044,0.0652,0.0567,0.7853,0.4388,0.0623,-0.1522,0.0533,0.0695,0.2439,0.0293,-0.0719,-0.0042,0.0579,0.0641,0.2155,0.9484,-0.0059,-0.0689,0.0652,0.0571,0.9282,0.2287,-0.0383,-0.0467,0.0533,0.0702,0.4732,0.5068,0.7733,0.4826,0.5821,0.5518,0.8266,0.991,0.8947,0.9643,0.8016,0.6583,0.6636,0.8101,0.3371,0.8333
"unnamed",0,1,10.5986,41.1092,41.4956,52.5482,41.6044,1,41.5519,1,40.6337,1,"Gaussian",0.5555,NA,-0.6871,0.4934,0.1649,-1.2112,0.4954,0.0151,-0.06,-0.1708,0.0265,-0.0264,-0.8699,-0.4674,0.6706,0.7362,0.1957,0.526,-0.2827,-0.9927,0.7538,0.6557,0.708,0.1312,-0.5133,-0.9783,0.6216,0.8095,0.4096,0.2279,-1.2339,-1.1826,0.6706,0.7426,0.0669,0.1125,-1.1919,-1.2259,0.7538,0.6602,0.115,0.0644,-1.662,-0.4282,0.6216,0.8182,0.008,0.6012,0.3762,0.189,0.5518,0.5518,0.8101,0.5518,0.8648,0.5866,0.6155,0.5509,0.79,0.276,0.6606,0.8877
"Peptidoglycan biosynthesis",0,1,38.8699,130.9083,132.4779,162.2972,132.3007,1,132.1299,1,132.9643,1,"Gaussian",0.4446,NA,-1.9549,1.4294,0.1725,-3.0164,1.435,0.0364,1.7733,1.2067,0.183,0.4553,-0.5017,-3.7039,1.9382,2.1281,0.796,0.0829,-2.1276,-1.8149,2.1706,1.8884,0.3278,0.3374,-3.2668,0.2707,1.8041,2.3496,0.0712,0.9084,-2.8704,-3.1994,1.9382,2.1467,0.1397,0.1372,-6.0045,-0.7228,2.1706,1.9015,0.006,0.7041,-3.3633,-2.4243,1.8041,2.3747,0.0633,0.3082,0.3848,0.2302,0.9447,0.5518,0.5518,0.5518,0.7231,0.413,0.7231,0.8648,0.4672,0.4672,0.9766,0.7078
"Glycerolipid metabolism",0,1,10.7688,37.1219,37.4597,46.995,37.4788,1,37.4038,1,37.4661,1,"Gaussian",0.4028,NA,-0.512,0.4304,0.2352,-0.8566,0.4321,0.0484,0.5775,-0.3395,0.0405,0.1912,-0.2071,-0.8794,0.5843,0.6415,0.7232,0.1715,-0.4108,-0.5866,0.6554,0.5703,0.5313,0.3045,-1.0572,0.4141,0.5414,0.7052,0.0519,0.5575,-0.7894,-0.9399,0.5843,0.6471,0.1778,0.1475,-1.4824,-0.376,0.6554,0.5742,0.0245,0.5131,-1.1846,-0.2917,0.5414,0.7127,0.0295,0.6827,0.4126,0.2378,0.9126,0.5518,0.5518,0.5518,0.8152,0.4242,0.7226,0.8146,0.4341,0.3371,0.8718,0.9257
"Inositol phosphate metabolism",0,0.7135,3.197,10.9355,10.829,18.6124,10.8561,0.731,10.6791,0.6628,10.8416,0.7294,"Gaussian",0.553,NA,-0.2228,0.1776,0.2106,-0.1627,0.1783,0.3624,0.1569,-0.0759,-0.0007,0.0727,-0.1534,-0.3071,0.2413,0.2649,0.5255,0.2474,-0.3553,-0.122,0.271,0.2357,0.191,0.6051,-0.2251,-0.2189,0.2247,0.2927,0.3175,0.4551,-0.1158,-0.22,0.2413,0.2672,0.6316,0.411,-0.3676,-0.0055,0.271,0.2374,0.1761,0.9816,-0.1808,-0.1312,0.2247,0.2958,0.4219,0.6577,0.3957,0.4999,0.8101,0.8682,0.5561,0.6997,0.6437,0.6437,0.8185,0.994,0.7078,0.7942,0.8101,0.9154
"Glycerophospholipid metabolism",0,1,11.0565,37.2271,37.728,45.4009,37.8036,1,37.9583,1,37.4482,1,"Gaussian",0.4321,NA,-0.5261,0.3968,0.1859,-1.0337,0.3983,0.0099,0.5056,0.1095,0.0352,0.1861,-0.2408,-0.8738,0.538,0.5907,0.6549,0.1402,-0.5953,-0.4727,0.6059,0.5272,0.3267,0.3707,-0.8103,-0.0431,0.5011,0.6526,0.107,0.9474,-0.6679,-1.4824,0.538,0.5959,0.2155,0.0134,-1.4076,-0.7468,0.6059,0.5308,0.0209,0.1606,-1.2635,-0.6373,0.5011,0.6595,0.0122,0.3347,0.3848,0.1808,0.888,0.5518,0.5518,0.5518,0.7231,0.4242,0.741,0.6437,0.5437,0.277,0.9838,0.7114
"Arabinogalactan biosynthesis - Mycobacterium",0,0.9678,6.2183,19.2376,18.8862,43.1658,19.4686,0.9766,18.1677,0.9767,17.5121,0.9412,"log-Gaussian",0.6009,NA,-0.0396,0.0275,0.1503,-0.091,0.0276,0.0011,0.0156,0.0517,-0.0005,0.023,-0.0209,-0.0619,0.0372,0.0409,0.5745,0.1313,-0.065,-0.0204,0.0419,0.0365,0.1224,0.5764,-0.0485,-0.0245,0.0348,0.0453,0.1638,0.588,-0.1072,-0.0711,0.0372,0.0412,0.0043,0.0856,-0.119,-0.0694,0.0419,0.0367,0.0049,0.0597,-0.0902,-0.0923,0.0348,0.0457,0.0099,0.0446,0.3762,0.1488,0.8266,0.5518,0.5518,0.5518,0.5958,0.413,0.8185,0.5471,0.5708,0.276,0.8784,0.4248
"Sphingolipid metabolism",0,0.9971,8.9404,32.5528,32.684,54.7198,32.7432,1,32.8682,1,31.8205,0.9882,"Gaussian",0.6248,NA,-0.0769,0.5352,0.8858,-1.4941,0.5373,0.0058,-0.1893,-0.6366,-0.0442,-0.0302,-0.3498,0.262,0.7223,0.7928,0.6286,0.7413,0.6154,-0.6016,0.8162,0.7099,0.4515,0.3975,0.1783,-0.507,0.6754,0.8796,0.792,0.5648,-2.4199,-0.3595,0.7223,0.7998,0.0009,0.6535,-1.0064,-1.8682,0.8162,0.7148,0.2187,0.0095,-1.8266,-0.9156,0.6754,0.889,0.0073,0.304,0.9325,0.1488,0.867,0.3696,0.922,0.888,0.8027,0.6552,0.7682,0.413,0.9479,0.276,0.8718,0.7078
"Glycosphingolipid biosynthesis - ganglio series",0.8509,0.1433,0,2.7987,0,59.9877,0,0.1404,0,0.1512,0,0.1412,"ZI log-Gaussian",NA,1.432,-0.0065,0.0357,0.8565,-0.0123,0.0355,0.7291,-0.0031,-0.0728,0.007,0.0076,-0.0529,0.0499,0.0466,0.0504,0.2571,0.3231,-0.0244,0.0075,0.054,0.0479,0.6517,0.875,-0.0247,0.0228,0.0458,0.0577,0.5907,0.6928,-0.0452,0.0312,0.046,0.0505,0.3277,0.5365,0.0017,-0.0239,0.0532,0.048,0.9745,0.6191,-0.0209,0.0015,0.045,0.0585,0.6419,0.9796,0.9105,0.8056,0.5572,0.6097,0.6096,0.8173,0.8432,0.9894,0.9434,0.8226,0.8784,0.9088,0.9257,0.9891
"Pyruvate metabolism",0,1,17.8264,60.7302,61.218,73.7276,60.8381,1,60.828,1,61.9856,1,"Gaussian",0.4278,NA,-0.7588,0.664,0.2541,-0.821,0.6667,0.2192,0.8324,0.6866,0.0927,0.1946,-0.2699,-1.3502,0.9014,0.9897,0.7649,0.1736,-1.0791,-0.5136,1.0122,0.8806,0.2872,0.5602,-1.075,-0.2202,0.8394,1.0932,0.2013,0.8405,-0.5188,-1.1924,0.9014,0.9984,0.5654,0.2333,-1.8184,-0.0555,1.0122,0.8867,0.0735,0.9501,-1.1606,-0.2344,0.8394,1.1049,0.1678,0.8322,0.4271,0.4009,0.93,0.8266,0.5518,0.5561,0.7137,0.5509,0.8185,0.9793,0.6148,0.5708,0.9678,0.9676
"Glyoxylate and dicarboxylate metabolism",0,1,11.3012,36.6131,36.683,53.8515,36.8417,1,36.7238,1,36.3602,1,"Gaussian",0.5953,NA,-0.5183,0.4139,0.2115,-1.2404,0.4155,0.0031,0.3824,0.6144,0.0606,0.1582,-0.3177,-0.7574,0.562,0.6169,0.5723,0.2206,-0.303,-0.6811,0.6329,0.5505,0.6324,0.2171,-0.5139,-0.5233,0.5219,0.6797,0.3257,0.442,-1.4111,-1.0318,0.562,0.6223,0.0126,0.0985,-1.1881,-1.2804,0.6329,0.5543,0.0616,0.0216,-1.6407,-0.5456,0.5219,0.687,0.0019,0.4277,0.3957,0.1488,0.8266,0.5518,0.5518,0.5518,0.8349,0.5471,0.6552,0.4242,0.7081,0.276,0.8086,0.7991
"Nitrotoluene degradation",0,0.8713,5.2089,14.4084,13.9616,31.7953,13.8257,0.8538,14.1101,0.8953,14.2067,0.8824,"Gaussian",0.6959,NA,0.2438,0.3494,0.486,0.5016,0.3508,0.1539,0.296,1.1847,0.1111,-0.103,0.1686,0.3297,0.4736,0.5199,0.7221,0.5266,-0.2143,0.5921,0.5312,0.462,0.687,0.2011,0.5348,-0.2501,0.4411,0.5744,0.2264,0.6637,0.821,0.1113,0.4736,0.5245,0.0842,0.8321,-0.1484,1.0001,0.5312,0.4652,0.7802,0.0325,0.5963,0.3394,0.4411,0.5805,0.1776,0.5594,0.5975,0.3762,0.9126,0.5518,0.8101,0.9536,0.8588,0.8936,0.6437,0.4332,0.6606,0.5821,0.9154,0.8718
"Propanoate metabolism",0,0.9971,8.7716,33.8365,33.9756,44.1759,33.9208,1,33.8149,1,34.3572,0.9882,"Gaussian",0.515,NA,-0.373,0.3869,0.3357,-0.3244,0.3884,0.4043,0.4516,0.0175,0.0224,0.1919,-0.0515,-0.7634,0.5245,0.5759,0.9219,0.1861,-0.5592,-0.2309,0.5906,0.5138,0.3445,0.6535,-0.5716,-0.0348,0.4888,0.6366,0.2433,0.9564,0.0055,-0.7295,0.5245,0.5809,0.9916,0.2102,-0.7437,-0.0027,0.5906,0.5173,0.209,0.9958,-0.5456,0.0576,0.4888,0.6435,0.2654,0.9287,0.4826,0.5285,0.9781,0.9916,0.5518,0.5518,0.7231,0.6511,0.8432,0.9958,0.6636,0.6893,0.986,0.9838
"Butanoate metabolism",0,1,12.8817,40.529,40.7802,51.3884,40.7276,1,40.1561,1,40.9387,1,"Gaussian",0.5465,NA,-0.5723,0.4237,0.1779,-0.5255,0.4254,0.2177,0.4602,0.8025,0.0626,0.0649,-0.3048,-0.8957,0.5755,0.6318,0.5968,0.1574,-0.5551,-0.5846,0.6477,0.5634,0.3922,0.3004,-0.4683,-0.7473,0.5355,0.6974,0.3827,0.2849,-0.4896,-0.5689,0.5755,0.6373,0.3956,0.3728,-0.7599,-0.3456,0.6477,0.5673,0.2417,0.543,-0.717,-0.1926,0.5355,0.7049,0.1817,0.7849,0.3848,0.4009,0.8346,0.6792,0.5518,0.654,0.7652,0.6722,0.7226,0.8182,0.7578,0.5836,0.7078,0.9479
"C5-Branched dibasic acid metabolism",0.0029,0.9971,0,68.486,69.756,88.8198,70.2757,1,69.656,0.9884,69.6156,1,"Gaussian",0.4971,NA,-1.5216,0.9965,0.1279,-1.1928,1.0004,0.2342,1.6146,-0.9533,-0.1044,0.1903,0.0616,-3.4232,1.3454,1.4771,0.9635,0.0212,-2.732,-0.6059,1.5207,1.3229,0.0735,0.6473,-2.9206,0.8531,1.2525,1.6312,0.0204,0.6014,-1.1841,-1.2101,1.3454,1.49,0.3796,0.4174,-1.5038,-0.9548,1.5207,1.3321,0.3236,0.4741,-1.723,-0.2835,1.2525,1.6486,0.17,0.8636,0.3553,0.4126,0.991,0.663,0.5518,0.7044,0.5509,0.7231,0.8432,0.8122,0.3042,0.5708,0.8877,0.9678
"One carbon pool by folate",0,1,28.9489,94.4761,95.5834,131.601,95.701,1,95.5834,1,94.9565,1,"Gaussian",0.4005,NA,-0.3283,1.0314,0.7505,-2.0233,1.0354,0.0517,0.8726,1.1217,0.1398,0.1551,-0.4802,-0.1339,1.3975,1.5345,0.7314,0.9305,0.5012,-0.9529,1.5728,1.3685,0.7502,0.4868,-0.1466,-0.6371,1.3051,1.6998,0.9106,0.7081,-3.2117,-0.565,1.3975,1.5479,0.0223,0.7154,-2.8692,-1.3729,1.5728,1.3779,0.0692,0.3199,-1.8307,-2.3565,1.3051,1.7179,0.1618,0.1712,0.8202,0.2414,0.918,0.5518,0.9795,0.9126,0.8852,0.5509,0.8146,0.723,0.9766,0.5708,0.9257,0.5708
"Methane metabolism",0,0.9971,8.5813,29.0613,29.1786,40.3772,29.1628,1,29.2099,1,29.2517,0.9882,"Gaussian",0.4276,NA,-0.103,0.3432,0.7644,-0.5658,0.3446,0.1017,0.2927,0.351,0.0534,0.0612,0.0596,-0.2997,0.4663,0.512,0.8983,0.5587,-0.3146,0.0585,0.5234,0.4553,0.5482,0.8978,-0.353,0.3224,0.4333,0.5643,0.4159,0.5682,-0.4655,-0.689,0.4663,0.5165,0.319,0.1832,-1.0516,-0.1931,0.5234,0.4585,0.0454,0.6739,-0.8066,-0.1499,0.4333,0.5703,0.0637,0.7928,0.8309,0.3109,0.9699,0.6079,0.8266,0.5518,0.8182,0.5347,0.9487,0.855,0.7942,0.4672,0.8718,0.9479
"Carbon fixation in photosynthetic organisms",0,1,32.8466,115.4223,116.2527,138.3543,116.2339,1,115.996,1,117.1384,1,"Gaussian",0.3888,NA,-1.4654,1.2799,0.2532,-1.6796,1.2849,0.1922,1.4274,0.6441,0.1109,0.3847,-0.2191,-2.9704,1.7359,1.906,0.8996,0.1202,-1.9549,-1.0892,1.9498,1.6965,0.3169,0.5214,-2.1206,-0.3545,1.6184,2.1078,0.1911,0.8665,-1.1283,-2.3584,1.7359,1.9227,0.5162,0.221,-3.7459,-0.0936,1.9498,1.7082,0.0557,0.9563,-1.7355,-1.5877,1.6184,2.1302,0.2845,0.4567,0.4271,0.3883,0.9699,0.8087,0.5518,0.5518,0.723,0.5471,0.8146,0.9802,0.5894,0.7078,0.9678,0.8101
"Carbon fixation pathways in prokaryotes",0,1,14.7809,46.8287,47.1582,56.4109,47.0626,1,47.1299,1,47.5391,1,"Gaussian",0.4696,NA,-0.4397,0.4964,0.3765,-0.8125,0.4984,0.1042,0.3074,0.7493,0.0785,0.0472,-0.081,-0.8721,0.674,0.74,0.9044,0.2396,-0.3988,-0.469,0.758,0.6594,0.5992,0.4775,-0.4618,-0.4009,0.6279,0.8177,0.4627,0.6244,-0.7784,-0.8545,0.674,0.7465,0.2491,0.2533,-1.3044,-0.4349,0.758,0.664,0.0864,0.513,-1.0092,-0.4715,0.6279,0.8265,0.1091,0.5688,0.5088,0.3109,0.9699,0.5561,0.5561,0.5561,0.8185,0.5572,0.8122,0.8146,0.8101,0.5437,0.9036,0.8718
"Thiamine metabolism",0,1,29.612,110.2119,111.3611,129.2883,111.6837,1,110.6024,1,111.6667,1,"Gaussian",0.42,NA,-1.929,1.2159,0.1137,-2.5307,1.2207,0.0391,1.8522,0.0975,0.0361,0.3595,-0.8702,-3.1989,1.6489,1.8104,0.5981,0.0783,-1.75,-2.0611,1.8571,1.6157,0.3468,0.2031,-2.9933,-0.1206,1.5345,1.9985,0.0521,0.9519,-2.759,-2.2546,1.6489,1.8262,0.0954,0.218,-3.5137,-1.7761,1.8571,1.6269,0.0595,0.2759,-3.1366,-1.488,1.5345,2.0198,0.0419,0.4619,0.3345,0.2302,0.8346,0.5518,0.5518,0.5518,0.7231,0.5471,0.6437,0.7098,0.4341,0.4111,0.9839,0.8101
"Riboflavin metabolism",0,0.9971,7.6757,35.9084,36.2234,52.5228,35.8471,1,36.4402,1,36.7802,0.9882,"Gaussian",0.6182,NA,-0.5835,0.4751,0.2205,-0.3194,0.477,0.5037,0.53,-1.3628,-0.0373,0.1289,-0.4258,-0.7737,0.6457,0.7088,0.5102,0.276,-0.588,-0.5805,0.7267,0.632,0.4191,0.3592,-0.4621,-0.7889,0.6011,0.7829,0.4427,0.3145,-0.2729,-0.3767,0.6457,0.715,0.6729,0.5988,-0.2115,-0.4021,0.7267,0.6364,0.7712,0.5281,-0.3336,-0.294,0.6011,0.7913,0.5794,0.7105,0.4009,0.6143,0.8034,0.8972,0.5746,0.8346,0.7691,0.8925,0.7368,0.8152,0.8086,0.8779,0.7078,0.9257
"Vitamin B6 metabolism",0,1,13.8078,52.2207,51.9814,77.049,52.2785,1,51.612,1,51.5672,1,"Gaussian",0.5377,NA,-0.2097,0.7439,0.7782,-1.3838,0.7468,0.065,0.6353,0.9906,0.0187,0.4007,0.2428,-0.7487,1.009,1.1077,0.81,0.4997,-0.1139,-0.2799,1.1363,0.9884,0.9202,0.7773,-0.5302,0.3341,0.9409,1.2254,0.5736,0.7854,-1.783,-0.8968,1.009,1.1174,0.0783,0.4229,-2.0226,-0.8937,1.1363,0.9953,0.0762,0.37,-1.4724,-1.2326,0.9409,1.2385,0.1188,0.3205,0.8413,0.2707,0.9478,0.5518,0.7963,0.7078,0.9599,0.5509,0.8934,0.741,0.8757,0.5437,0.9479,0.7078
"Nicotinate and nicotinamide metabolism",0,1,10.1031,34.6419,34.841,43.1925,34.9142,1,34.7099,1,34.8076,1,"Gaussian",0.4066,NA,-0.5868,0.3786,0.1223,-0.9345,0.3801,0.0145,0.5322,0.013,0.0111,0.1825,-0.2254,-1.0212,0.5135,0.5638,0.661,0.0712,-0.3072,-0.7976,0.5782,0.5031,0.5956,0.1139,-0.9165,-0.0272,0.478,0.6225,0.0562,0.9652,-0.9186,-0.9552,0.5135,0.5688,0.0747,0.0942,-1.0904,-0.8146,0.5782,0.5065,0.0603,0.1089,-1.0547,-0.7284,0.478,0.6292,0.0282,0.2479,0.3446,0.189,0.8903,0.5518,0.5518,0.5518,0.8185,0.5471,0.5866,0.5866,0.4407,0.3371,0.9874,0.6656
"Pantothenate and CoA biosynthesis",0,1,27.8297,101.4227,102.7196,121.3441,102.6661,1,103.2948,1,102.7485,1,"Gaussian",0.5031,NA,-1.2518,1.1036,0.2577,-2.2572,1.108,0.0426,1.5301,-0.7417,-0.0363,0.3433,-0.2441,-2.4627,1.497,1.6435,0.8706,0.1352,-1.131,-1.3412,1.6871,1.4677,0.5032,0.3616,-2.1676,0.3061,1.3923,1.8133,0.1207,0.8661,-2.2092,-2.3202,1.497,1.6579,0.1412,0.1628,-2.7789,-1.857,1.6871,1.4778,0.1007,0.21,-3.0582,-0.8748,1.3923,1.8327,0.0289,0.6335,0.4274,0.2302,0.9665,0.5518,0.5518,0.5518,0.8146,0.5753,0.738,0.6511,0.5437,0.3371,0.9678,0.905
"Biotin metabolism",0,1,21.0418,88.9409,89.8942,118.621,90.1855,1,90.186,1,88.9752,1,"Gaussian",0.5538,NA,-1.2149,1.0143,0.2321,-2.4115,1.0183,0.0186,0.7445,-0.8428,-0.0094,0.2418,-0.799,-1.7102,1.3775,1.5122,0.5624,0.2591,-1.9808,-0.633,1.5491,1.3475,0.2021,0.6389,-1.3957,-0.9041,1.2822,1.6699,0.2773,0.5887,-2.7702,-1.9738,1.3775,1.5254,0.0453,0.1968,-3.2798,-1.7458,1.5491,1.3568,0.0352,0.1993,-3.001,-1.3903,1.2822,1.6878,0.02,0.4108,0.4126,0.2185,0.8266,0.5518,0.5572,0.5518,0.6437,0.4536,0.8406,0.6437,0.7021,0.3042,0.8784,0.79
"Lipoic acid metabolism",0,0.2135,1.575,7.7262,6.5529,32.9599,6.7173,0.2105,6.5703,0.2209,5.8545,0.2118,"log-Gaussian",0.6867,NA,-0.0018,0.0377,0.9609,-0.0868,0.0378,0.0224,-0.0204,0.1838,0.0069,0.0022,-0.0055,0.0028,0.0511,0.0561,0.9147,0.9606,0.036,-0.0305,0.0575,0.05,0.5324,0.5432,0.0182,-0.0356,0.0475,0.0619,0.7025,0.5654,-0.1146,-0.0527,0.0511,0.0566,0.0259,0.3525,-0.0739,-0.0968,0.0575,0.0504,0.2003,0.0558,-0.105,-0.0552,0.0475,0.0626,0.028,0.3785,0.9755,0.2302,0.9757,0.5518,0.991,0.6266,0.8152,0.6437,0.8182,0.5471,0.9257,0.3371,0.8718,0.757
"Folate biosynthesis",0,0.9971,9.2293,42.556,42.3907,57.4137,42.582,1,42.2594,1,42.3346,0.9882,"Gaussian",0.6055,NA,-0.6932,0.5386,0.1992,-0.9013,0.5407,0.0967,0.2038,-1.6436,-0.0102,0.286,-0.6062,-0.8003,0.732,0.8035,0.4083,0.3202,-0.6151,-0.7507,0.8229,0.7158,0.4555,0.2952,-0.6639,-0.7408,0.6808,0.8866,0.3303,0.4042,-0.7191,-1.1245,0.732,0.8105,0.3268,0.1665,-1.2952,-0.5992,0.8229,0.7207,0.1167,0.4065,-1.1861,-0.4073,0.6808,0.8961,0.0826,0.6498,0.3905,0.3109,0.6979,0.6097,0.6079,0.5518,0.8031,0.5866,0.72,0.7691,0.7109,0.5164,0.7899,0.912
"Atrazine degradation",0.0263,0.6345,0,11.2929,11.3664,27.5298,11.3359,0.6374,11.4068,0.6279,11.5458,0.6353,"Gaussian",0.6237,NA,-0.2186,0.4388,0.6188,-0.1574,0.4405,0.7211,0.3303,-1.9553,-0.0353,0.0302,0.1079,-0.6141,0.5954,0.6536,0.8563,0.3483,-0.0051,-0.3797,0.6708,0.5835,0.994,0.5158,-0.8073,0.7822,0.5508,0.7174,0.144,0.2765,0.1537,-0.5401,0.5954,0.6593,0.7966,0.4134,-0.1905,-0.132,0.6708,0.5875,0.7766,0.8224,-0.6669,0.7225,0.5508,0.7251,0.2271,0.3199,0.7072,0.8056,0.9665,0.9447,0.6266,0.7007,0.9958,0.8934,0.8146,0.9074,0.5708,0.6606,0.7021,0.7078
"Porphyrin and chlorophyll metabolism",0,1,11.8126,43.0087,43.2948,58.4542,43.2763,1,43.6755,1,42.9452,1,"Gaussian",0.5139,NA,-0.8608,0.5469,0.1167,-1.2353,0.5491,0.0253,0.6625,-0.7833,-0.0126,0.2355,-0.5843,-1.1921,0.7429,0.8156,0.4322,0.145,-1.133,-0.6533,0.8356,0.7269,0.1762,0.3696,-1.2515,-0.1937,0.6886,0.8968,0.0703,0.8292,-1.2801,-1.1817,0.7429,0.8227,0.086,0.1521,-1.6908,-0.8861,0.8356,0.7319,0.044,0.227,-1.8815,-0.1177,0.6886,0.9064,0.0067,0.8968,0.3382,0.2302,0.7174,0.5518,0.5518,0.5518,0.6437,0.5332,0.741,0.6583,0.4672,0.276,0.967,0.9766
"Terpenoid backbone biosynthesis",0,1,14.6684,47.4987,48.1213,57.6924,48.1697,1,48.3607,1,47.8676,1,"Gaussian",0.4742,NA,-0.6503,0.5021,0.1964,-1.0868,0.5041,0.032,0.7515,-0.2499,0.0519,0.1702,-0.104,-1.3052,0.68,0.7465,0.8785,0.0815,-0.5575,-0.7195,0.7675,0.6677,0.4682,0.2821,-0.9752,-0.0979,0.6344,0.8263,0.1254,0.9058,-1.2471,-0.892,0.68,0.753,0.0677,0.2372,-1.3759,-0.8648,0.7675,0.6723,0.0741,0.1994,-1.3364,-0.6562,0.6344,0.8351,0.0361,0.4327,0.3889,0.2302,0.9665,0.5518,0.5518,0.5561,0.8122,0.5509,0.7098,0.6437,0.551,0.4006,0.9766,0.8013
"Zeatin biosynthesis",0,1,10.0866,31.6452,31.7331,43.6982,31.7398,1,31.8672,1,31.5206,1,"Gaussian",0.6223,NA,-0.4152,0.3684,0.2607,-0.6183,0.3698,0.0957,0.1611,1.1162,0.0618,0.1144,-0.306,-0.5467,0.5005,0.5495,0.5415,0.3206,-0.3844,-0.4366,0.5618,0.4887,0.4944,0.3724,-0.2795,-0.6453,0.4659,0.6068,0.5492,0.2886,-0.7262,-0.485,0.5005,0.5543,0.148,0.3824,-1.1015,-0.2477,0.5618,0.492,0.051,0.6151,-0.5734,-0.6955,0.4659,0.6133,0.2195,0.2578,0.4274,0.3109,0.8173,0.5518,0.6079,0.665,0.8146,0.5458,0.741,0.8226,0.8717,0.6603,0.7078,0.683
"Nitrogen metabolism",0,0.9971,9.6373,38.7647,39.3988,52.2276,39.3498,1,39.4535,1,39.5348,0.9882,"Gaussian",0.5432,NA,-0.6145,0.4395,0.1632,-0.9922,0.4412,0.0253,0.4584,-0.4818,-0.0022,0.3054,-0.154,-1.1679,0.5957,0.654,0.7962,0.0752,-0.5619,-0.654,0.6722,0.5847,0.4039,0.2644,-1.0248,0.0847,0.5532,0.7205,0.0651,0.9065,-0.9807,-1.0081,0.5957,0.6597,0.1009,0.1277,-1.0478,-0.9496,0.6722,0.5887,0.1202,0.1079,-1.4743,-0.1596,0.5532,0.7282,0.0082,0.8267,0.3762,0.2302,0.9447,0.5518,0.5518,0.5518,0.7691,0.5936,0.7098,0.5866,0.4672,0.276,0.9766,0.9669
"Sulfur metabolism",0,0.9942,6.464,25.0165,25.2,34.8423,25.2202,1,25.0114,1,25.1859,0.9765,"Gaussian",0.6213,NA,-0.3655,0.3302,0.2693,-0.3104,0.3315,0.3499,0.4909,-0.197,-0.0096,0.051,0.0659,-0.8868,0.4469,0.4906,0.8829,0.0718,-0.4868,-0.2735,0.505,0.4392,0.3359,0.5339,-0.6396,0.1,0.4168,0.5429,0.1261,0.8539,-0.0463,-0.6358,0.4469,0.4948,0.9176,0.2,-0.4172,-0.2286,0.505,0.4422,0.4094,0.6057,-0.4581,-0.0563,0.4168,0.5487,0.2727,0.9183,0.4274,0.49,0.9665,0.9762,0.5518,0.5518,0.7231,0.7691,0.8152,0.8185,0.551,0.7021,0.9678,0.9795
"Phenylpropanoid biosynthesis",0,1,10.5127,36.242,36.7277,55.5495,37.2248,1,36.9626,1,36.0658,1,"Gaussian",0.7008,NA,-0.7478,0.5934,0.2087,-1.6516,0.5958,0.006,0.206,-1.3749,-0.1032,0.094,-0.8454,-0.625,0.8057,0.8844,0.295,0.4804,-0.0064,-1.3085,0.9055,0.7875,0.9943,0.0978,-1.2307,0.0718,0.7492,0.9757,0.1016,0.9414,-2.0836,-1.1228,0.8057,0.8921,0.0102,0.2093,-1.4268,-1.8241,0.9055,0.793,0.1163,0.0222,-1.8544,-1.3033,0.7492,0.9862,0.014,0.1874,0.3957,0.1488,0.5856,0.5518,0.7717,0.5518,0.9958,0.5866,0.5753,0.4242,0.5437,0.2791,0.9838,0.5857
"Tropane, piperidine and pyridine alkaloid biosynthesis",0.3246,0.6754,0,16.0848,22.2964,33.425,22.2283,0.6667,22.1244,0.6628,22.8704,0.7059,"ZI log-Gaussian",NA,0.7633,0.0007,0.0573,0.9903,0.0302,0.0567,0.5944,0.0057,0.1044,0.007,0.0441,-0.0036,0.0043,0.0794,0.0835,0.9642,0.9592,0.0241,-0.0167,0.0893,0.0749,0.7873,0.8234,-0.0012,0.002,0.0716,0.0969,0.9867,0.9838,0.0465,0.0133,0.0789,0.0823,0.5562,0.8719,0.0822,-0.0096,0.0862,0.0754,0.3411,0.8989,0.034,0.0244,0.0732,0.0906,0.643,0.7883,0.9903,0.6891,0.991,0.8266,0.991,0.9665,0.8947,0.7231,0.9074,0.9487,0.9891,0.9088,0.9891,0.9479
"Aminoacyl-tRNA biosynthesis",0,1,37.8038,128.897,128.6139,172.338,128.2995,1,129.7575,1,128.5148,1,"Gaussian",0.5393,NA,-1.4539,1.5079,0.3358,-3.0863,1.5138,0.0424,1.792,3.048,0.3249,0.3873,-0.2811,-2.8657,2.0468,2.2472,0.8909,0.2033,-2.5498,-0.6147,2.2902,1.9923,0.2665,0.7579,-2.5551,0.4149,1.9051,2.4812,0.181,0.8673,-3.0659,-3.1133,2.0468,2.2668,0.1353,0.1707,-6.351,-0.5817,2.2902,2.0061,0.0059,0.772,-3.4791,-2.413,1.9051,2.5077,0.0689,0.3368,0.4826,0.2302,0.9683,0.5518,0.5518,0.5518,0.7098,0.413,0.8895,0.8925,0.5836,0.4672,0.9678,0.7114
"Biosynthesis of various secondary metabolites - part 2",0,0.9883,6.2386,17.1554,17.4102,21.3395,17.4456,0.9942,17.3379,1,17.5711,0.9647,"Gaussian",0.5389,NA,-0.3508,0.1973,0.0765,-0.294,0.1981,0.139,0.0975,-0.0668,0.0078,-0.0059,-0.4092,-0.2809,0.2682,0.2944,0.1282,0.3408,-0.4307,-0.29,0.3016,0.2623,0.1544,0.27,-0.498,-0.1003,0.2491,0.3244,0.0465,0.7574,-0.2788,-0.3122,0.2682,0.297,0.2994,0.2941,-0.4153,-0.2009,0.3016,0.2642,0.1696,0.4476,-0.4292,-0.0605,0.2491,0.3278,0.086,0.8537,0.3061,0.3706,0.5518,0.5871,0.6176,0.5856,0.6433,0.6437,0.7098,0.8027,0.4329,0.5243,0.9479,0.9678
"Biosynthesis of ansamycins",0.5292,0.4708,0,9.303,0,25.0152,0,0.4561,0,0.4767,0,0.4941,"ZI log-Gaussian",NA,0.883,-0.0267,0.0819,0.7452,0.0448,0.0839,0.5934,0.0293,0.0973,0.0117,-0.0201,-0.0188,-0.0333,0.1195,0.1135,0.8748,0.7696,0.0191,-0.0564,0.1281,0.1069,0.8815,0.598,-0.0695,0.038,0.1072,0.1284,0.517,0.7672,0.0898,-0.0097,0.116,0.1229,0.4398,0.9375,0.1352,-0.0285,0.125,0.1134,0.2806,0.8017,0.0049,0.1075,0.108,0.1339,0.964,0.4229,0.8189,0.6891,0.9665,0.724,0.93,0.9842,0.9453,0.7098,0.8185,0.8985,0.8409,0.9874,0.9479,0.7942
"Quorum sensing",0,1,12.7575,48.6277,49.68,60.6546,49.963,1,49.6241,1,49.274,1,"Gaussian",0.4093,NA,-0.9935,0.5921,0.0944,-1.2159,0.5944,0.0417,1.1113,0.0332,0.0355,0.1315,-0.5181,-1.5677,0.8035,0.8822,0.5196,0.0766,-0.98,-1.0025,0.9048,0.7872,0.2797,0.2039,-1.8693,0.4954,0.7433,0.9681,0.0125,0.6093,-0.9402,-1.5556,0.8035,0.8899,0.2429,0.0815,-1.569,-0.9449,0.9048,0.7927,0.084,0.2342,-1.6837,-0.4122,0.7433,0.9785,0.0243,0.6738,0.3109,0.2302,0.8087,0.5561,0.5518,0.5518,0.7098,0.5509,0.6437,0.6625,0.277,0.3371,0.8909,0.9229
"Biofilm formation - Pseudomonas aeruginosa",0,0.9444,3.2481,15.3498,15.4597,26.8055,15.3674,0.9649,15.2599,0.9535,15.7479,0.8941,"Gaussian",0.5896,NA,-0.3414,0.3219,0.2898,-0.032,0.3232,0.9211,0.5676,-1.0547,-0.0234,0.0558,-0.1702,-0.5487,0.4372,0.48,0.6974,0.254,-0.6521,-0.1081,0.4899,0.4261,0.1843,0.7999,-0.7775,0.3992,0.4047,0.5271,0.0558,0.4495,0.0979,-0.1919,0.4372,0.4842,0.8229,0.6922,0.3439,-0.3205,0.4899,0.4291,0.4833,0.4558,-0.1338,0.1405,0.4047,0.5327,0.7411,0.7921,0.4493,0.9595,0.9117,0.9508,0.5561,0.9078,0.6437,0.8122,0.8985,0.8031,0.4407,0.9449,0.8099,0.9479
"Biofilm formation - Escherichia coli",0,1,10.1595,41.1594,41.3312,70.3174,41.3659,1,41.2511,1,41.3356,1,"Gaussian",0.6171,NA,-0.8774,0.5367,0.1032,-0.8849,0.5388,0.1017,1.0698,-0.8691,-0.003,0.3242,-0.3871,-1.4676,0.7281,0.7992,0.5954,0.0674,-0.6737,-1.0331,0.8199,0.7131,0.412,0.1486,-1.6024,0.3559,0.6746,0.8786,0.0182,0.6857,-0.7968,-0.9948,0.7281,0.8062,0.2748,0.2183,-0.4068,-1.2517,0.8199,0.7181,0.6201,0.0825,-1.3023,-0.1683,0.6746,0.888,0.0546,0.8498,0.3109,0.3109,0.8346,0.5746,0.5518,0.5518,0.7691,0.8226,0.6433,0.5509,0.3042,0.4407,0.9257,0.9678
"Bacterial chemotaxis",0,1,10.4248,56.4734,51.9373,139.3709,49.6443,1,52.8376,1,54.4214,1,"log-Gaussian",0.5275,NA,-0.0465,0.0392,0.2374,-0.0007,0.0394,0.9861,0.0507,-0.1105,0.0019,-0.0052,-0.0352,-0.0603,0.0533,0.0585,0.509,0.3037,-0.0722,-0.0272,0.0597,0.052,0.2278,0.6015,-0.069,-0.0082,0.0496,0.0646,0.1655,0.8993,0.0246,-0.0317,0.0533,0.059,0.6445,0.5917,0.0486,-0.0385,0.0597,0.0523,0.4163,0.462,-0.0144,0.0228,0.0496,0.0653,0.7723,0.7269,0.4128,0.9903,0.8034,0.8799,0.5898,0.8346,0.6583,0.7691,0.8185,0.8071,0.5708,0.9479,0.9766,0.932
"Flagellar assembly",0,0.8977,4.6995,26.7303,22.9211,75.5019,21.8934,0.9123,22.7281,0.8605,24.8844,0.9059,"log-Gaussian",0.576,NA,-0.0544,0.0542,0.3162,0.0096,0.0544,0.8604,0.0438,-0.112,0.0051,-0.0089,-0.0551,-0.0541,0.0736,0.0808,0.4549,0.5043,-0.1094,-0.0132,0.0824,0.0717,0.1856,0.854,-0.0731,-0.0227,0.0686,0.0893,0.2873,0.8,0.0393,-0.0268,0.0736,0.0815,0.5938,0.7429,0.0792,-0.0438,0.0824,0.0722,0.3377,0.5444,0.0015,0.0235,0.0686,0.0903,0.983,0.7951,0.4826,0.9105,0.7397,0.8346,0.8004,0.922,0.6437,0.7231,0.9283,0.8182,0.7078,0.9891,0.9479,0.9479
"Ribosome",0,1,48.7845,169.1191,169.4004,239.4988,169.6959,1,168.6693,1,169.4195,1,"Gaussian",0.5877,NA,-1.9496,1.9064,0.3074,-3.306,1.9139,0.0852,2.3528,1.9011,0.3952,0.5179,-1.0951,-2.9792,2.5904,2.8437,0.6728,0.2957,-2.7448,-1.3375,2.9041,2.5261,0.3454,0.5969,-3.3358,0.4026,2.4087,3.1369,0.1672,0.898,-3.4342,-3.1474,2.5904,2.8686,0.186,0.2735,-6.4669,-0.8812,2.9041,2.5436,0.0268,0.7293,-3.7469,-2.5511,2.4087,3.1704,0.121,0.4217,0.4729,0.3109,0.8972,0.5518,0.5856,0.5746,0.7231,0.4242,0.8185,0.8767,0.5708,0.5437,0.9766,0.7942
"RNA degradation",0,1,13.7434,48.2994,48.6557,62.9311,48.7439,1,48.4794,1,48.569,1,"Gaussian",0.4678,NA,-0.4454,0.5168,0.3895,-1.1366,0.5188,0.0293,0.5913,-0.0436,0.0663,0.1099,-0.1026,-0.8563,0.7014,0.77,0.8838,0.2671,-0.5586,-0.3578,0.7886,0.686,0.4793,0.6024,-0.6555,-0.088,0.6535,0.8511,0.3167,0.9177,-1.2878,-0.9519,0.7014,0.7768,0.0674,0.2214,-1.775,-0.6467,0.7886,0.6908,0.0252,0.35,-1.3342,-0.7954,0.6535,0.8602,0.0421,0.356,0.5196,0.2302,0.9665,0.5518,0.5713,0.5518,0.8122,0.4242,0.8185,0.7231,0.7078,0.4111,0.9795,0.7333
"RNA polymerase",0,0.9971,9.9747,28.5214,28.1692,42.3859,28.0333,1,28.2361,1,28.413,0.9882,"Gaussian",0.6414,NA,-0.3599,0.3638,0.3234,-0.6335,0.3652,0.0839,0.434,0.8927,0.1047,0.0881,-0.0716,-0.7077,0.4939,0.5422,0.8849,0.1929,-0.6037,-0.1727,0.5526,0.4806,0.2756,0.7196,-0.6718,0.1694,0.4593,0.5982,0.1448,0.7772,-0.6115,-0.6603,0.4939,0.5469,0.2167,0.2283,-1.4218,-0.029,0.5526,0.484,0.0106,0.9523,-0.7454,-0.4417,0.4593,0.6046,0.1058,0.4657,0.4826,0.3109,0.9665,0.5518,0.5518,0.5561,0.7098,0.413,0.8722,0.9793,0.5708,0.5437,0.9479,0.8101
"DNA replication",0,1,32.3619,105.4833,105.5045,131.4507,105.5781,1,105.7063,1,104.6631,1,"Gaussian",0.4384,NA,-1.1123,1.1415,0.3307,-2.4705,1.146,0.0319,1.3225,3.5003,0.1521,0.3226,0.0684,-2.5292,1.547,1.6985,0.9647,0.1376,-1.7873,-0.5942,1.7324,1.5072,0.3031,0.6937,-1.0978,-1.1352,1.444,1.8806,0.4477,0.5466,-2.609,-2.3056,1.547,1.7134,0.0928,0.1795,-5.0343,-0.503,1.7324,1.5177,0.004,0.7406,-2.8335,-1.84,1.444,1.9007,0.0507,0.3338,0.4826,0.2302,0.991,0.5518,0.5518,0.5518,0.7226,0.413,0.8591,0.879,0.8099,0.4341,0.8717,0.7114
"Protein export",0,1,37.9606,121.1932,121.4066,153.8782,121.3853,1,122.1077,1,120.8754,1,"Gaussian",0.5101,NA,-1.4213,1.2804,0.2679,-2.7201,1.2854,0.0352,1.516,1.7799,0.209,0.4963,-0.9799,-1.9505,1.7398,1.9101,0.5737,0.3081,-1.8322,-1.1028,1.9482,1.6948,0.3478,0.5158,-2.4767,0.3703,1.6169,2.1058,0.1267,0.8605,-3.0265,-2.3438,1.7398,1.9268,0.083,0.2248,-5.0882,-0.903,1.9482,1.7065,0.0095,0.5971,-3.155,-1.9733,1.6169,2.1283,0.052,0.3546,0.4274,0.2302,0.8266,0.5518,0.5953,0.5518,0.7231,0.413,0.8146,0.8185,0.551,0.4341,0.9678,0.7333
"Base excision repair",0,1,22.4299,71.2703,70.9523,98.9569,70.9688,1,71.0966,1,70.616,1,"Gaussian",0.4581,NA,-0.7549,0.8779,0.3906,-1.2477,0.8813,0.158,1.2158,2.1832,0.1996,0.1633,-0.2371,-1.3726,1.1908,1.3075,0.8423,0.2947,-1.3441,-0.3031,1.3315,1.1585,0.3136,0.7938,-0.9201,-0.477,1.1104,1.4461,0.408,0.7418,-1.7687,-0.6096,1.1908,1.3189,0.1386,0.6443,-3.3252,0.3467,1.3315,1.1665,0.0131,0.7665,-0.9729,-1.7254,1.1104,1.4616,0.3817,0.2388,0.5196,0.3762,0.962,0.5518,0.5856,0.8799,0.723,0.413,0.897,0.8925,0.79,0.7578,0.9449,0.6636
"Nucleotide excision repair",0,1,17.8092,60.3224,60.8532,79.0012,60.5953,1,60.9327,1,60.5896,1,"Gaussian",0.5014,NA,-0.6325,0.68,0.353,-1.4203,0.6826,0.0384,0.7842,0.9155,0.1387,0.1956,-0.059,-1.3212,0.9223,1.0126,0.949,0.1931,-1.0169,-0.3381,1.035,0.9004,0.3267,0.7076,-1.0169,0.0195,0.8596,1.1196,0.2379,0.9861,-1.542,-1.2724,0.9223,1.0214,0.0957,0.2139,-2.6271,-0.4943,1.035,0.9067,0.0117,0.586,-1.541,-1.2137,0.8596,1.1315,0.0741,0.2844,0.4903,0.2302,0.991,0.5518,0.5518,0.5518,0.7231,0.413,0.8648,0.8185,0.6636,0.4782,0.9891,0.7078
"Mismatch repair",0,1,43.7874,151.3624,152.0231,184.9533,152.4685,1,151.1376,1,151.8055,1,"Gaussian",0.4545,NA,-1.8432,1.5882,0.2468,-2.6556,1.5944,0.0969,1.9952,2.9778,0.2543,0.7783,-0.635,-3.2979,2.1557,2.3669,0.7685,0.1646,-2.4581,-1.3685,2.4138,2.1001,0.3094,0.5152,-2.8283,-0.1702,2.0071,2.6141,0.1599,0.9481,-2.5527,-2.7843,2.1557,2.3876,0.2374,0.2445,-5.844,-0.2085,2.4138,2.1146,0.0161,0.9215,-3.2483,-1.6344,2.0071,2.642,0.1067,0.5367,0.424,0.3109,0.93,0.5561,0.5518,0.5561,0.723,0.4242,0.8146,0.9599,0.5708,0.5437,0.9838,0.8621
"Homologous recombination",0,1,30.9157,105.2567,106.0222,129.6416,106.094,1,105.8595,1,105.7848,1,"Gaussian",0.4635,NA,-1.6048,1.1411,0.1607,-2.1489,1.1456,0.0617,1.3995,2.4058,0.1748,0.5462,-0.5661,-2.8531,1.5476,1.6992,0.7148,0.0942,-1.7284,-1.504,1.7332,1.5079,0.3195,0.3194,-2.1535,-0.6727,1.4428,1.8791,0.1367,0.7206,-2.2526,-2.0244,1.5476,1.714,0.1466,0.2386,-4.4872,-0.3541,1.7332,1.5184,0.0101,0.8157,-2.5414,-1.4717,1.4428,1.8992,0.0793,0.439,0.3762,0.2683,0.9126,0.5518,0.5518,0.5561,0.723,0.413,0.723,0.9064,0.5708,0.5032,0.9269,0.8086
"Cell cycle - Caulobacter",0,1,36.9205,130.4619,131.4685,164.1995,131.4728,1,133.5503,1,129.4277,1,"Gaussian",0.4895,NA,-1.6261,1.4049,0.2481,-2.8387,1.4104,0.0451,1.7848,1.3379,0.2761,0.3119,-0.989,-2.3936,1.9089,2.0958,0.6048,0.2544,-2.3483,-1.0711,2.1355,1.8579,0.2724,0.5647,-2.4837,-0.1722,1.7758,2.3127,0.163,0.9407,-2.8342,-2.8445,1.9089,2.1141,0.1387,0.1795,-5.6708,-0.6655,2.1355,1.8707,0.0084,0.7223,-2.9018,-2.7357,1.7758,2.3374,0.1034,0.2429,0.424,0.2313,0.84,0.5518,0.5561,0.5518,0.7098,0.413,0.8185,0.8729,0.5708,0.5437,0.9838,0.6636
"Sulfur relay system",0,1,26.7971,90.8082,91.9192,124.8567,92.1716,1,91.6588,1,90.4948,1,"Gaussian",0.5466,NA,-1.8296,1.222,0.1355,-1.0018,1.2268,0.4149,2.3216,-1.8979,-0.0219,0.5455,-0.4618,-3.4805,1.6561,1.8181,0.7806,0.0566,-2.1892,-1.554,1.867,1.6241,0.242,0.3395,-3.5781,1.1411,1.5356,1.9999,0.0205,0.5688,-0.3838,-1.7634,1.6561,1.834,0.8169,0.3371,-2.0234,-0.2185,1.867,1.6353,0.2794,0.8938,-1.5864,-0.0042,1.5356,2.0213,0.3025,0.9983,0.3662,0.5388,0.9354,0.9478,0.5518,0.6158,0.6722,0.7098,0.7231,0.9487,0.3042,0.7078,0.8718,0.9983
"Lysosome",0,0.3509,3.2889,9.8277,9.0636,42.0099,9.0739,0.3509,9.0436,0.3488,8.9375,0.3529,"Gaussian",0.6385,NA,0.2531,0.3515,0.4722,-0.5794,0.3529,0.1018,-0.4535,0.1999,0.0228,-0.1914,-0.1629,0.7573,0.4755,0.522,0.7321,0.148,0.665,-0.0594,0.5362,0.4664,0.216,0.8988,0.7112,-0.523,0.4419,0.5754,0.1087,0.3643,-0.9828,-0.0834,0.4755,0.5265,0.0397,0.8742,-0.22,-0.855,0.5362,0.4696,0.6819,0.0698,-0.6089,-0.5251,0.4419,0.5816,0.1694,0.3674,0.5939,0.3109,0.918,0.5518,0.5518,0.9665,0.6552,0.8551,0.9487,0.5509,0.5437,0.5708,0.7396,0.7423
"Biofilm formation - Vibrio cholerae",0,0.9883,4.4503,17.0449,16.9333,39.4045,17.0649,0.9942,17.0562,1,16.742,0.9647,"Gaussian",0.614,NA,-0.286,0.2285,0.2117,-0.5119,0.2294,0.0264,0.2308,0.1946,0.0224,0.1205,-0.1177,-0.489,0.3102,0.3405,0.7046,0.1521,-0.2475,-0.3158,0.349,0.3036,0.4788,0.2991,-0.2852,-0.2862,0.2885,0.3758,0.3238,0.447,-0.4613,-0.5743,0.3102,0.3435,0.1381,0.0957,-0.3076,-0.6686,0.349,0.3057,0.3789,0.0296,-0.6798,-0.2207,0.2885,0.3798,0.0192,0.5617,0.3957,0.2302,0.9126,0.5518,0.5518,0.5518,0.8122,0.7502,0.7226,0.4242,0.7078,0.3042,0.8099,0.8718
